ID,FAB,PRODUCT,CATEGORY,SUBCATEGORY,TYPE
981024284,FAB1,6PZ CALAVERA       A,OTROS,HALLOWEEN,SEASONS
157612,FAB2,RG 36/30GR MAZAPAN AZTECA,CANDY,REGIONAL,REGULAR
46571,FAB3,PALETA CALABACITA AGRIDULCE 30 PZAS.,SPICY,SPICY,REGULAR
743164,FAB3,DRAGONZITOS 300PZ DRAGONZITOS 300PZ,SPICY,SPICY,REGULAR
225218,FAB3,MOZTRITOS COLGANTES,SPICY,HALLOWEEN,SEASONS
929296,FAB4,NIKOLO 36PZ/21GR DE $83 A,CHOCOLATE,CHOCOLATE,REGULAR
980027031,FAB4,BON O BON FRESA / LECHE 30PZ,OTROS,MOTHER'S DAY,SEASONS
980029316,FAB4,BUTTER TOFFEES CHOCO CAFE   600GR,CANDY,CHEWY CARAMEL,REGULAR
980032173,FAB4,ALFAJOR BON O BON 351 GRAMOS,CHOCOLATE,VALENTINE'S DAY-CHOCOLATE,SEASONS
980038001,FAB4,BON O BON RED VELVET 450G,OTROS,MOTHER'S DAY,SEASONS
981001471,FAB4,BON O BON 12 DESEOS 450G,CHOCOLATE,CHRISTMAS-CHOCOLATE,SEASONS
981011205,FAB4,BON O BON 12 DESEOS C&C 30 PIEZAS,CHOCOLATE,CHRISTMAS-CHOCOLATE,SEASONS
981019938,FAB4,450GR BON O BON CHOCOFRESA,CHOCOLATE,MOTHER'S DAY,SEASONS
981001471,FAB4,BON O BON NAVIDAD 3O PIEZAS,CHOCOLATE,CHRISTMAS-CHOCOLATE,SEASONS
980007019,FAB5,600GR GALLETA CASERA ORIGINAL DE $199,OTROS,CHRISTMAS-COOKIES,SEASONS
980025061,FAB6,MANGO ENCHILADO DESHIDRATADO 640G,SPICY,SPICY,REGULAR
981014929,FAB7,680G FLIPZ CHOCOLATE PRETZEL CUBIERTO,CHOCOLATE,CHOCOLATE- COVERED,REGULAR
22515,FAB8,50PZ PALETA DE TAMARINDO ENCHILADO,SPICY,SPICY,REGULAR
322283,FAB8,TAMARRICO 100 PZAS,SPICY,REGIONAL,REGULAR
740434,FAB8,BANDERILLA CON CHILE 50 PIEZAS,SPICY,SPICY,REGULAR
740448,FAB8,TARUGUITO CON CHILE 100 PZ,SPICY,REGIONAL,REGULAR
98887,FAB8,BANDERILLA C AZUCAR 50 PIEZAS,CANDY,REGIONAL,REGULAR
980013904,FAB9,PASTELITO LATTE ORIGINAL $69 A,CHOCOLATE,CHOCOLATE- COVERED,REGULAR
980013905,FAB9,PASTELITO LATTE FRESA,CHOCOLATE,CHOCOLATE- COVERED,REGULAR
980019223,FAB9,BOMBONETES 660 GR,OTROS,SEASON- SPRING/SUMMER,SEASONS
135942,FAB9,LATA AMOR BESOS,GALLETAS,VALENTINE'S DAY-COOKIES,SEASONS
980021380,FAB9,6PACK GALLETA MANTE,OTROS,CHRISTMAS-COOKIES,SEASONS
980030668,FAB9,10PACK GALLETAS 10PZ   150G,OTROS,CHRISTMAS-COOKIES,SEASONS
980042076,FAB9,6 PACK GALLETAS GABI 300G C/U,OTROS,CHRISTMAS-COOKIES,SEASONS
980036192,FAB9,LATA BESOS NUEZ 400G NAVIDAD,OTROS,CHRISTMAS-COOKIES,SEASONS
980021381,FAB9,LATA GALLETA MANTEQU,OTROS,CHRISTMAS-COOKIES,SEASONS
980025230,FAB9,3PACK LATAS LOVE,OTROS,VALENTINE'S DAY-COOKIES,SEASONS
980025226,FAB9,CHOCOLATE KRONK12 PIEZAS / 372 GR,CHOCOLATE,CHOCOLATE- COVERED,REGULAR
980007656,FAB9,MM LATA GALLETAS,OTROS,CHRISTMAS-COOKIES,SEASONS
980021896,FAB9,MM LATA GALLETAS 6 PIEZAS / 300G,OTROS,CHRISTMAS-COOKIES,SEASONS
980042080,FAB9,MM 6 PACK GALLETAS 300 GRS C/U,OTROS,CHRISTMAS-COOKIES,SEASONS
109094,FAB9,BOCADIN 100 PIEZAS,CHOCOLATE,CHOCOLATE- COVERED,REGULAR
980016829,FAB9,PASTISETAS,GALLETAS,CHRISTMAS-COOKIES,SEASONS
981026607,FAB9,MM GALLETAS SABOR,GALLETAS,CHRISTMAS-COOKIES,SEASONS
894238,FAB10,HUEVO DE CHOCOLATE DE $134 A,CHOCOLATE,CHOCOLATE,REGULAR
947972,FAB10,HUEVO CON JUGUETE,OTROS,SEASON- SPRING/SUMMER,SEASONS
222936,FAB10,PINATON DE $99 A,CANDY,ASSORTED BAGS,REGULAR
980028167,FAB11,ESTUCHE GALLETAS,OTROS,CHRISTMAS-COOKIES,SEASONS
112194,FAB12,MALVAVISCO C/CHOCOLA TAPON MINI 1 K,CHOCOLATE,CHOCOLATE- COVERED,REGULAR
241232,FAB12,MALVAVISCO MINIATURA DE $52 A,CANDY,MALLOWS/GUMMIES,REGULAR
980013912,FAB13,ANTHON BERG,CHOCOLATE,CHRISTMAS-CHOCOLATE,SEASONS
980020346,FAB13,HOUSES OF BELGIUM,CHOCOLATE,CHRISTMAS-CHOCOLATE,SEASONS
980028016,FAB13,TRUFA BELGA PREMIUM,CHOCOLATE,CHRISTMAS-CHOCOLATE,SEASONS
980028017,FAB13,3PK TRUFA BELGA 3X200 GRAMOS,CHOCOLATE,CHRISTMAS-CHOCOLATE,SEASONS
981007972,FAB13,PRALINAS PREMIUM BELGAS 310G,CHOCOLATE,CHRISTMAS-CHOCOLATE,SEASONS
980036417,FAB13,CHOCOLATE BELGA 72 AMARGO 455 GR,CHOCOLATE,HEALTHY / SUGAR FREE CANDIES,REGULAR
980013916,FAB13,CASA DE JENGIBRE,GALLETAS,CHRISTMAS-COOKIES,SEASONS
980020437,FAB13,LATA CON RELLENO,CHOCOLATE,CHRISTMAS-CHOCOLATE,SEASONS
981008481,FAB13,LATA CON CHOCOLATES ITALIANOS 420G,CHOCOLATE,VALENTINE'S DAY-CHOCOLATE,SEASONS
102221,FAB13,420GGALLETAS DESOBRY,GALLETAS,CHRISTMAS-COOKIES,SEASONS
980020338,FAB13,GALLETAS BELGAS,OTROS,MOTHER'S DAY,SEASONS
980028168,FAB13,GALLETAS BELGAS CHRISTMAS 500 GR,OTROS,CHRISTMAS-COOKIES,SEASONS
980038713,FAB13,ESTUCHE GALLETAS EUROPEAS 500G,OTROS,CHRISTMAS-COOKIES,SEASONS
980007114,FAB13,2X200 GR TURRÎN DURO ORIGINAL $189 A,OTROS,CHRISTMAS-NOUGATS AND BARS,SEASONS
980007115,FAB13,TURRON CON ALMENDRA,OTROS,CHRISTMAS-NOUGATS AND BARS,SEASONS
980005836,FAB13,CAJA PARA REGALO,CHOCOLATE,CHRISTMAS-CHOCOLATE,SEASONS
980028163,FAB13,ESTUCHE RUEDA 500G,CHOCOLATE,CHRISTMAS-CHOCOLATE,SEASONS
981008483,FAB13,CAJA DE LENTEJUELA CON CHOCOLATES 220G,CHOCOLATE,CHRISTMAS-CHOCOLATE,SEASONS
214192,FAB13,MALVAVISCO NAVIDAD,CANDY,CHRISTMAS-MARSHMALLOWS AND CANDIES,SEASONS
82431,FAB13,MALVAVISCO HALLOWEEN,CANDY,HALLOWEEN,SEASONS
980020438,FAB13,CREPAS CRUJIENTES,OTROS,MOTHER'S DAY,SEASONS
981007973,FAB13,SET TAZA DE REGALO GHIRARDELLI BLANCA,OTROS,CHRISTMAS-SETS AND GIFT BASKETS,SEASONS
981011897,FAB13,SET TAZA DE REGALO GHIRARDELLI,OTROS,CHRISTMAS-SETS AND GIFT BASKETS,SEASONS
980020350,FAB13,COOKIE SKILLET,OTROS,CHRISTMAS-SETS AND GIFT BASKETS,SEASONS
980020351,FAB13,SET WINTER WISHES,OTROS,CHRISTMAS-SETS AND GIFT BASKETS,SEASONS
980020352,FAB13,SET STORY BOOK,OTROS,CHRISTMAS-SETS AND GIFT BASKETS,SEASONS
980020353,FAB13,3PK TRUFA COCOA,CHOCOLATE,CHRISTMAS-CHOCOLATE,SEASONS
980020439,FAB13,CHOCOLATE ITALIANO,OTROS,DRY FRUIT,SEASONS
981009044,FAB13,3 PACK LATA GALLETAS DANEAS 340G C/U,OTROS,CHRISTMAS-COOKIES,SEASONS
980013913,FAB13,CAJA JUBILEU,CHOCOLATE,CHRISTMAS-CHOCOLATE,SEASONS
980013914,FAB13,SURTIDO FANTASIA,CHOCOLATE,CHRISTMAS-CHOCOLATE,SEASONS
980013910,FAB13,CAMION LAMBERTZ,GALLETAS,CHRISTMAS-COOKIES,SEASONS
980008701,FAB13,794GR MIX DE FRUTA D ORIGINAL $169 A,OTROS,SEASON- SPRING/SUMMER,SEASONS
980013908,FAB13,GALLETAS ITALIANAS,OTROS,CHRISTMAS-COOKIES,SEASONS
707243,FAB13,MM 3 400GR GALLETAS DE MANTEQUILLA,OTROS,CHRISTMAS-COOKIES,SEASONS
981003153,FAB13,MM 624G ALMENDRAS CU BIERTAS SABOR CHURRO,OTROS,DRY FRUIT,SEASONS
289974,FAB13,MM GALLETA EUROPEA,GALLETAS,CHRISTMAS-COOKIES,SEASONS
654020,FAB13,MM 1.13K CIRUELA PAS,OTROS,DRY FRUIT,SEASONS
81772,FAB13,MM 1.36 KG PASAS,OTROS,DRY FRUIT,SEASONS
980005842,FAB13,MM 736GR GALLETAS,GALLETAS,CHRISTMAS-COOKIES,SEASONS
980005846,FAB13,MM CHOCOLATE SUIZO,CHOCOLATE,CHRISTMAS-CHOCOLATE,SEASONS
980013909,FAB13,MM 4PK GALLETAS SHORTBREAD 1.6KG,GALLETAS,CHRISTMAS-COOKIES,SEASONS
980015438,FAB13,MM ARANDANOS 28G,OTROS,DRY FRUIT,SEASONS
980015439,FAB13,MM CIRUELA 28 GR,OTROS,DRY FRUIT,SEASONS
980015440,FAB13,MM PASAS 28G,OTROS,DRY FRUIT,SEASONS
980016045,FAB13,MM MALVAVISCOS 1K,CANDY,MALLOWS/GUMMIES,REGULAR
980020336,FAB13,SEASHELLS RELLENOS,CHOCOLATE,VALENTINE'S DAY-CHOCOLATE,SEASONS
980020344,FAB13,MM DULCERO GOMITAS,OTROS,HALLOWEEN,SEASONS
980020347,FAB13,MM 4PK GALLETAS,OTROS,CHRISTMAS-COOKIES,SEASONS
980020349,FAB13,MM CHOCOLATE ITALIAN,CHOCOLATE,CHRISTMAS-CHOCOLATE,SEASONS
980028018,FAB13,MM GALLETERO VARIAS FIGURAS 200G,OTROS,CHRISTMAS-COOKIES,SEASONS
980028161,FAB13,MM PRALINAS EUROPEAS 16 PIEZAS,CHOCOLATE,PREMIUM CHOCOLATE,REGULAR
980028162,FAB13,MM TUBO PERSONAJE 450 G,CHOCOLATE,CHRISTMAS-CHOCOLATE,SEASONS
980028166,FAB13,SHORTBREAD 1.6KG,OTROS,CHRISTMAS-COOKIES,SEASONS
980039371,FAB13,MM 3PACK TRUFAS SABORES FRUTALES,CHOCOLATE,CHRISTMAS-CHOCOLATE,SEASONS
980039372,FAB13,MM ESTUCHE COPITAS 340G,CHOCOLATE,CHRISTMAS-CHOCOLATE,SEASONS
980040877,FAB13,MM WAFFERS SURTIDO 1 KG,OTROS,CHRISTMAS-COOKIES,SEASONS
980015481,FAB13,SET  DE CHOCOLATE TREN DE NAVIDAD,OTROS,CHRISTMAS-SETS AND GIFT BASKETS,SEASONS
980013911,FAB13,VILLAS NAVIDENAS,CHOCOLATE,CHRISTMAS-CHOCOLATE,SEASONS
980020340,FAB13,ESTUCHE MOSAICO,CHOCOLATE,CHRISTMAS-CHOCOLATE,SEASONS
980020343,FAB13,3PK BUZON C/CHOCOLAT,CHOCOLATE,CHRISTMAS-CHOCOLATE,SEASONS
980028164,FAB13,ESTUCHE CORAZON 220 G,CHOCOLATE,VALENTINE'S DAY-CHOCOLATE,SEASONS
980028165,FAB13,COCOA BOMBS 12 PZ,CHOCOLATE,CHRISTMAS-CHOCOLATE,SEASONS
981008663,FAB13,TAZA BOB ESPONJA SET DE REGALO,OTROS,CHRISTMAS-SETS AND GIFT BASKETS,SEASONS
981008664,FAB13,TAZA GRINCH SET DE REGALO,OTROS,CHRISTMAS-SETS AND GIFT BASKETS,SEASONS
981008978,FAB13,LATA GALLETAS ITALIANAS 720G,OTROS,CHRISTMAS-COOKIES,SEASONS
980013917,FAB13,PIRAMIDE 500 GR,CHOCOLATE,CHRISTMAS-CHOCOLATE,SEASONS
980028160,FAB13,CRISPY SELECTION 390 G,CHOCOLATE,CHRISTMAS-CHOCOLATE,SEASONS
980029747,FAB13,MASA PARA GALLETAS SANTA VS SNOWMAN,OTROS,CHRISTMAS-COOKIES,SEASONS
980005844,FAB13,MM 600GR GALLETAS ORIGINAL DE $399,OTROS,CHRISTMAS-COOKIES,SEASONS
981008482,FAB13,CHOCOLATES ITALIANOS CUORE 600G SV,CHOCOLATE,VALENTINE'S DAY-CHOCOLATE,SEASONS
981016149,FAB13,BARBIE KIT DECORADOR,GALLETAS,CHRISTMAS-COOKIES,SEASONS
981016988,FAB13,MM CHOCO MINI PARTY 500G,CHOCOLATE,CHOCOLATE,REGULAR
981021728,FAB13,600G GOMITAS DE OJOS AMOS,CANDY,HALLOWEEN,SEASONS
981021730,FAB13,MM 270G LATA CREPAS,GALLETAS,CHRISTMAS-COOKIES,SEASONS
981022005,FAB13,MM 3PACK TRUFA BELGA,CHOCOLATE,CHRISTMAS-CHOCOLATE,SEASONS
981022535,FAB13,280G LINTERNA,CHOCOLATE,CHRISTMAS-CHOCOLATE,SEASONS
981022681,FAB13,24PZ CHOCOLATE,CHOCOLATE,CHRISTMAS-CHOCOLATE,SEASONS
110936,FAB14,CHERRY SOURS,CANDY,CHEWY CARAMEL,REGULAR
193027,FAB14,JELLY BEANS HEARTS 1.4 KG,CANDY,CHEWY CARAMEL,REGULAR
265754,FAB14,2 KG EL PINATERO SURTIDO DE DULCES,CANDY,ASSORTED BAGS,REGULAR
299601,FAB14,CANEL S CHICLE SURTIDO 126PZ,GUM&PILLS,GUM,REGULAR
378847,FAB14,TUENI BIPACK DULCE DE $39 A,CANDY,CHEWY CARAMEL,REGULAR
641818,FAB14,100P PALETA CORAZON DE $99 A,CANDY,PALETTES,REGULAR
706131,FAB14,MINI JELLY BEANS DE $17 A,CANDY,CHEWY CARAMEL,REGULAR
855082,FAB14,PALETAS DE HALLOWEEN,CANDY,HALLOWEEN,SEASONS
980008148,FAB14,PALETAS DE NAVIDAD,OTROS,CHRISTMAS-MARSHMALLOWS AND CANDIES,SEASONS
980010305,FAB14,126/4S CHICLE FRUTAL SABORES FRUTALES,GUM&PILLS,GUM,REGULAR
980010306,FAB14,160PZ PASTILLAS REFRESCANTES CANELS,GUM&PILLS,PILLS,REGULAR
980012757,FAB14,BOLSA MINIONS SURTIDO 1.5KG,CANDY,NOVELTIES,REGULAR
980012758,FAB14,PAQUETE FIESTA MIX CHOCO-DULCES,CANDY,ASSORTED BAGS,REGULAR
980024737,FAB14,PALETA CORAZON DISTROLLER 100PZ,OTROS,VALENTINE'S DAY-SETS AND GUMMIES,SEASONS
981012778,FAB14,PALETA ICEE,CANDY,PALETTES,REGULAR
980004910,FAB14,120/10GR JELLY BEANS SABOR CEREZA ICEE,CANDY,CHEWY CARAMEL,REGULAR
290842,FAB14,MM 2.27K MENTAS CARAMELO MACIZO,CANDY,THANK YOU CANDIES/MINTS,REGULAR
980020379,FAB14,PALETAS  MINIONS,OTROS,SEASON- SPRING/SUMMER,SEASONS
981023081,FAB14,CANELS EL PINATERO,CANDY,ASSORTED BAGS,REGULAR
981002421,FAB15,RG CHIPILETA LIKE 40 PZAS,SPICY,REGIONAL,REGULAR
981018376,FAB16,DELICI OSOS GOMITAS FRESA CON CHOCOLATE,CHOCOLATE,CHOCOLATE,REGULAR
323228,FAB17,30PZ CUCHARAS CON MANGO Y TAMARINDO,SPICY,REGIONAL,REGULAR
715008,FAB17,50PZ TILIKO MIX TAMARINDO Y MANGO,SPICY,REGIONAL,REGULAR
142341,FAB17,ZUMBA GOMA MANGO 40 PIEZAS,SPICY,SPICY,REGULAR
207444,FAB17,FORRITOS 10PZS PASTA CUBRE MANZANA,SPICY,REGIONAL,REGULAR
981029058,FAB18,FLIPZ PRETZEL CUBIER,CHOCOLATE,CHOCOLATE- COVERED,REGULAR
980040693,FAB19,GOMITAS SABOR FRUTAS 1 KG,CANDY,MALLOWS/GUMMIES,REGULAR
981022552,FAB20,3/145G CUORE - 981022552,CHOCOLATE,VALENTINE'S DAY-CHOCOLATE,SEASONS
980017437,FAB21,DATIL ENCHILADO 800 G TIPO MEDJOOL,SPICY,SEASON- FALL/WINTER,SEASONS
981006613,FAB21,MM D TILES DEGLET N SIN HUESO 908G,OTROS,DRY FRUIT,SEASONS
725240,FAB21,DATILES DEGLET NOOR,OTROS,DRY FRUIT,SEASONS
139977,FAB22,BOMBON CON DE $88 A,CHOCOLATE,CHOCOLATE- COVERED,REGULAR
368036,FAB22,MINI BOMBOM DE LA ROSA 840 GRAMOS,CANDY,MALLOWS/GUMMIES,REGULAR
909758,FAB22,BOMBON GIGANTE 2 BOLSAS DE 400 GRS,CANDY,MALLOWS/GUMMIES,REGULAR
942897,FAB22,BOMBON SUPER GIGANTE 840GR,CANDY,MALLOWS/GUMMIES,REGULAR
980016158,FAB22,MAZAPAN C/ CHOCOLATE 30 PIEZAS,CANDY,NOVELTIES,REGULAR
980032199,FAB22,MAZAPAN ZERO 36 PZAS/ 756 GRS,CHOCOLATE,HEALTHY / SUGAR FREE CANDIES,REGULAR
981003456,FAB22,MAZAPAN DE LA ROSA 40 PZAS/ 21 GRS,CANDY,MEXICAN CANDIES,REGULAR
981020752,FAB22,PULPARINDO DE LA ROSA,SPICY,SPICY,REGULAR
62464,FAB23,ENGLISH HOLLY GIFT,OTROS,CHRISTMAS-SETS AND GIFT BASKETS,SEASONS
85087,FAB24,RG 30PZ PALETA DULCE CON SALADITOS FRESA,CANDY,REGIONAL,REGULAR
981000503,FAB25,TAZA JUMBO ROJA,OTROS,CHRISTMAS-SETS AND GIFT BASKETS,SEASONS
981000503,FAB25,TAZA MICKEY & MINNIE ORIGINAL $169 A,OTROS,CHRISTMAS-SETS AND GIFT BASKETS,SEASONS
981000503,FAB25,TAZA MICKEY /MINNIE NAVIDENOS CON COCOA,OTROS,CHRISTMAS-SETS AND GIFT BASKETS,SEASONS
98719,FAB26,BUBLI SURTIDO BOLSA 170 PIEZAS,GUM&PILLS,GUM,REGULAR
718157,FAB26,BUBLI BOLA GIGANTE,GUM&PILLS,GUM,REGULAR
980008705,FAB26,BUBLI BOLA ORIGINAL,CANDY,GUM,REGULAR
980030169,FAB26,HUEVITOS CHOCOLATE 1KG,CHOCOLATE,CHOCOLATE,REGULAR
980007653,FAB27,3PK BAILEY'S ORIGINAL DE $229,CHOCOLATE,CHRISTMAS-CHOCOLATE,SEASONS
980030562,FAB27,ESTUCHE BAILEYS 4 SABORES   400G,CHOCOLATE,CHRISTMAS-CHOCOLATE,SEASONS
980014465,FAB27,DOVE MILK MINI DE $76 A,CHOCOLATE,CHOCOLATE,REGULAR
980015227,FAB27,DOVE COLLECTION,CHOCOLATE,CHRISTMAS-CHOCOLATE,SEASONS
980017497,FAB27,CORAZON DOVE,CHOCOLATE,VALENTINE'S DAY-CHOCOLATE,SEASONS
115793,FAB27,MUECAS CEREZA/PIKA P 20 PZAS,SPICY,SPICY,REGULAR
228270,FAB27,MUECAS MANGO/CHAMOY 20 PZAS,SPICY,SPICY,REGULAR
737745,FAB27,PANZON MIX 20PZ SABOR SANDIA Y MANGO,SPICY,SPICY,REGULAR
980015233,FAB27,PINATA ENCHILADA ORIGINAL $219 A,SPICY,SEASON- FALL/WINTER,SEASONS
980015450,FAB27,CANDY PARTY DE $129 A,CANDY,ASSORTED BAGS,REGULAR
980024450,FAB27,RG GUSANO MIXCHAMOY&TAMARIND 20PZ,SPICY,REGIONAL,REGULAR
155599,FAB27,MEGA PERSONAJE M&MS ORIGINAL $110 A,CHOCOLATE,CHRISTMAS-CHOCOLATE,SEASONS
343811,FAB27,MEGA BOLSA TRIANGULI M&MS MINIS 152 PZAS,CHOCOLATE,CHOCOLATE,REGULAR
980003026,FAB27,10/30GR TUBITOS .,CHOCOLATE,CHOCOLATE,REGULAR
980007654,FAB27,M&MS NFL DISPENSADOR BURBUJA C/CHOCOLATES,OTROS,SEASON- SPRING/SUMMER,SEASONS
980012756,FAB27,M&MS CARAMEL DE $39 A,CHOCOLATE,CHOCOLATE,REGULAR
980021826,FAB27,2 PACK TAZAS M&MS,OTROS,CHRISTMAS-SETS AND GIFT BASKETS,SEASONS
980021827,FAB27,BOLSA CAJITAS M&MS,CHOCOLATE,CHRISTMAS-CHOCOLATE,SEASONS
980034782,FAB27,CAJA CAJITAS 16 PIEZAS,CHOCOLATE,VALENTINE'S DAY-CHOCOLATE,SEASONS
980035750,FAB27,M&MS CHOCOLATE 8 PZ DE 43.8 GRAMOS,CHOCOLATE,CHOCOLATE,REGULAR
980035751,FAB27,M&MS PEANUT 8 PZ DE 44.3 GRAMOS,CHOCOLATE,CHOCOLATE,REGULAR
980042701,FAB27,2PACK TAZAS M&MS TIP O PELTRE,OTROS,CHRISTMAS-SETS AND GIFT BASKETS,SEASONS
981012454,FAB27,M&MS CALCETINES 41 G,CHOCOLATE,CHRISTMAS-CHOCOLATE,SEASONS
981012551,FAB27,ESFERAS M&MS CON CHOCOLATES 85G,CHOCOLATE,CHRISTMAS-CHOCOLATE,SEASONS
980034784,FAB27,3 PACK REGALOS SURTIDO / 310.5G,CHOCOLATE,VALENTINE'S DAY-CHOCOLATE,SEASONS
981003220,FAB27,SV RAMO CHOCOLATES 220.8G,CHOCOLATE,VALENTINE'S DAY-CHOCOLATE,SEASONS
981003223,FAB27,SV CAJITAS MM Y TWIX 297.60 GRS,CHOCOLATE,VALENTINE'S DAY-CHOCOLATE,SEASONS
980007940,FAB27,SURTIDO PARTY MIX 905 GR,CANDY,ASSORTED BAGS,REGULAR
238826,FAB27,MM 500G CEREZAS AL LICORES,CHOCOLATE,CHOCOLATE- COVERED,REGULAR
980021158,FAB27,MILKYWAY 8PACK 8 PZ D 48 GRAMOS,CHOCOLATE,CHOCOLATE,REGULAR
980036008,FAB27,MILKYWAY MINI VITROLERO 52 PZAS,CHOCOLATE,CHOCOLATE,REGULAR
980040717,FAB27,ORBIT MENTA 4S 50 PI EZAS,GUM&PILLS,GUM,REGULAR
981000281,FAB27,ORBIT POLAR MINT 4S,GUM&PILLS,GUM,REGULAR
714049,FAB27,SALSAGUETI SANDIA 24 PIEZAS,SPICY,SPICY,REGULAR
980007942,FAB27,SKWINKLES MIX 720 GR,CANDY,ASSORTED BAGS,REGULAR
980007939,FAB27,900GR SNICKERS MINI ORIGINAL $199 A,CHOCOLATE,CHOCOLATE,REGULAR
980021159,FAB27,SNICKERS 8 PACK 8 PZ DE 48 GRAMOS,CHOCOLATE,CHOCOLATE,REGULAR
980036009,FAB27,SNICKERS MINI VITROLERO 52 PIEZAS,CHOCOLATE,CHOCOLATE,REGULAR
855089,FAB27,VARIETY PACK 14PZ MIX MARS,CHOCOLATE,CHOCOLATE,REGULAR
70640,FAB27,MINI MIX MARS CHOCOLATE,CHOCOLATE,CHOCOLATE,REGULAR
981003219,FAB27,LATA CORAZON TURIN 260 GRS,CHOCOLATE,VALENTINE'S DAY-CHOCOLATE,SEASONS
220983,FAB27,CHOCOLATE BAILEY'S VITROLERO 500 GRAMOS,CHOCOLATE,PREMIUM CHOCOLATE,REGULAR
290009,FAB27,CHOCOLATES KAHLUA DE $116 A,CHOCOLATE,PREMIUM CHOCOLATE,REGULAR
87367,FAB27,CAJA DE REGALO CON CHOCOLATES 500G,CHOCOLATE,CHOCOLATE,REGULAR
908469,FAB27,CONEJITO TURIN VITROLERO 600 GRAMOS,CHOCOLATE,PREMIUM CHOCOLATE,REGULAR
952732,FAB27,ARANDANO C/CHOCOLATE,CHOCOLATE,CHOCOLATE- COVERED,REGULAR
97942,FAB27,CHOCOLATE 70% CACAO 350GR,CHOCOLATE,HEALTHY / SUGAR FREE CANDIES,REGULAR
980014700,FAB27,CHOCOLATE CARAJILLO TUBO 400 GRAMOS,CHOCOLATE,PREMIUM CHOCOLATE,REGULAR
980022179,FAB27,TURIN HAPPY HOLIDAYS,CHOCOLATE,CHRISTMAS-CHOCOLATE,SEASONS
980022295,FAB27,TURIN SHAKER NAVIDAD,CHOCOLATE,CHRISTMAS-CHOCOLATE,SEASONS
980036010,FAB27,TURIN ALMENDRA ZERO 55% CACAO 500GR,CHOCOLATE,HEALTHY / SUGAR FREE CANDIES,REGULAR
980042702,FAB27,LATA TUR N 300G CON LICOR,CHOCOLATE,CHRISTMAS-CHOCOLATE,SEASONS
981012371,FAB27,LATA CON CHOCOLATES CON LICOR 300 GRS,CHOCOLATE,CHRISTMAS-CHOCOLATE,SEASONS
980007941,FAB27,6/56.7GR HUBBA BUBBA,GUM&PILLS,GUM,REGULAR
106453,FAB27,ORBIT FRESA 4'S DE $55 A,GUM&PILLS,GUM,REGULAR
116046,FAB27,SKITTLES ORIGINAL 18 PAQUETES DE 54.4G,CANDY,CHEWY CARAMEL,REGULAR
98260,FAB27,ORBIT YERBA 4P DE $60 A,GUM&PILLS,GUM,REGULAR
981015898,FAB27,CHOCOLATE SUGAR FREE BOLSA 300 GR,CHOCOLATE,HEALTHY / SUGAR FREE CANDIES,REGULAR
981015899,FAB27,260G CORAZ N TURIN CHOCOLATE MACIZO,CHOCOLATE,VALENTINE'S DAY-CHOCOLATE,SEASONS
981015900,FAB27,M&MS TWIX SURTIDO DE CHOCOLATES CON LE,CHOCOLATE,VALENTINE'S DAY-CHOCOLATE,SEASONS
981019971,FAB27,M&MS MINIS CHOCOLATE CON LECHE,CHOCOLATE,CHOCOLATE,REGULAR
981021720,FAB27,120/2P ORBIT,GUM&PILLS,GUM,REGULAR
981025057,FAB27,LATA M&MS,CHOCOLATE,CHRISTMAS-CHOCOLATE,SEASONS
981025058,FAB27,CHOCOCOMPARTIR SURTI DO 365.5 G,CHOCOLATE,CHRISTMAS-CHOCOLATE,SEASONS
981025059,FAB27,2PZ TURIN,CHOCOLATE,CHRISTMAS-CHOCOLATE,SEASONS
981025071,FAB27,M&MS CRUNCHY,CHOCOLATE,CHOCOLATE,REGULAR
981028844,FAB27,SKWINKLES DULCES,SPICY,SPICY,REGULAR
981029858,FAB27,SV RAMO DE CHOCOLATE,CHOCOLATE,VALENTINE'S DAY-CHOCOLATE,SEASONS
981029859,FAB27,ESTUCHE SAN VALENTIN,CHOCOLATE,VALENTINE'S DAY-CHOCOLATE,SEASONS
981029860,FAB27,LATA CORAZON,CHOCOLATE,VALENTINE'S DAY-CHOCOLATE,SEASONS
981030375,FAB27,SKWINKLES CHUNKS MAN,SPICY,SPICY,REGULAR
980023366,FAB28,ITEMS SIN IMPUESTO CANASTA 2020,OTROS,CHRISTMAS-SETS AND GIFT BASKETS,SEASONS
980015966,FAB28,CANASTA GOURMENT,OTROS,CHRISTMAS-SETS AND GIFT BASKETS,SEASONS
980015967,FAB28,VINO CANASTA ITEM LIGADO,OTROS,CHRISTMAS-SETS AND GIFT BASKETS,SEASONS
980015968,FAB28,GALLETAS CANASTA ITEM LIGADO,OTROS,CHRISTMAS-SETS AND GIFT BASKETS,SEASONS
980023365,FAB28,VINO IEPS & IVA CANASTA 2020,OTROS,CHRISTMAS-SETS AND GIFT BASKETS,SEASONS
980007020,FAB29,420GR GALLETAS MANTE ORIGINAL $209 A,GALLETAS,CHRISTMAS-COOKIES,SEASONS
702156,FAB30,RG 24PZ COSTANZO DUQ COSTANZO,CANDY,REGIONAL,REGULAR
702170,FAB30,RG 24PZ COSTANZO PRI DE $109 A,CANDY,REGIONAL,REGULAR
730304,FAB30,RG 1.6K COSTANZO PUR DE $248 A,CANDY,REGIONAL,REGULAR
730311,FAB30,RG 30PZ COSTANZO ENA DE $137 A,CANDY,REGIONAL,REGULAR
730584,FAB30,RG 12PZ COSTANZO TOR DE $100 A,CANDY,REGIONAL,REGULAR
980038714,FAB31,LATA CON CHOCOLATES ROMA/MILAN 400 GRS,CHOCOLATE,CHRISTMAS-CHOCOLATE,SEASONS
791018,FAB32,PRALINAS CHOCOLATE ESTUCHE 24 PZ,CHOCOLATE,PREMIUM CHOCOLATE,REGULAR
83177,FAB32,PRALINAS CHOCOLATE ESTUCHE 16 PZ,CHOCOLATE,PREMIUM CHOCOLATE,REGULAR
980015839,FAB32,GOLDEN GALLERY,CHOCOLATE,CHRISTMAS-CHOCOLATE,SEASONS
980041579,FAB32,KINDER BUENO BARRAS 10 PAQUETES,CHOCOLATE,CHOCOLATE,REGULAR
126759,FAB32,DELICE PROMO PACK 16 + 4 PIEZAS GRATIS,CANDY,NOVELTIES,REGULAR
190027,FAB32,KINDER MAXI CHOCOLATE T20,CANDY,NOVELTIES,REGULAR
198137,FAB32,HUEVITO LICENCIAS 12 PIEZAS,CHOCOLATE,CHOCOLATE,REGULAR
715702,FAB32,SOPRESA MAXI HUEVITO 100 GRAMOS,CANDY,NOVELTIES,REGULAR
83191,FAB32,HUEVITO SORPRESA 12 PIEZAS,CHOCOLATE,CHOCOLATE,REGULAR
87866,FAB32,KINDER CHOCOLATE 24 BARRAS,CHOCOLATE,CHOCOLATE,REGULAR
980017607,FAB32,BARRA KINDER,CANDY,NOVELTIES,REGULAR
981000276,FAB32,KINDER DELICE CACAO 15PZ,CHOCOLATE,CHOCOLATE,REGULAR
981001803,FAB32,K. SORPRESA NAVIDAD 12 PIEZAS,CHOCOLATE,CHRISTMAS-CHOCOLATE,SEASONS
980015838,FAB32,PIRAMIDE ROCHER,CHOCOLATE,CHRISTMAS-CHOCOLATE,SEASONS
980015840,FAB32,ROCHER COLLECTION,CHOCOLATE,CHOCOLATE,SEASONS
981025934,FAB32,15PZ NUTELLA BREADY,CHOCOLATE,CHOCOLATE,REGULAR
981028371,FAB32,KINDER CREAMY PAQUET,CHOCOLATE,CHOCOLATE,REGULAR
981003284,FAB33,FOOD NEWS PAQUETE DE CUBITOS DE FRUTA 12,OTROS,DRY FRUIT,SEASONS
211575,FAB34,PALETA MINI CHIPIS DE $58 A,CANDY,PALETTES,REGULAR
981003699,FAB35,MICKEY MOUSE TAZA CON COCOA,CHOCOLATE,VALENTINE'S DAY-CHOCOLATE,SEASONS
981005301,FAB35,TAZA  3D AMIGOS CON COCOA,OTROS,SEASON- SPRING/SUMMER,SEASONS
981006171,FAB35,TAZA DISNEY 100 .,OTROS,SEASON- SPRING/SUMMER,SEASONS
981006647,FAB35,TAZA PRINCESA CON COCOA,OTROS,SEASON- SPRING/SUMMER,SEASONS
980016685,FAB35,TAZAS CON COCOA,OTROS,SEASON- FALL/WINTER,SEASONS
980016686,FAB35,TAZA JUMBO 2019,OTROS,VALENTINE'S DAY-SETS AND GUMMIES,SEASONS
981000954,FAB35,TAZA MICKEY 3D,OTROS,CHRISTMAS-SETS AND GIFT BASKETS,SEASONS
981010617,FAB35,TAZA MINNIE,OTROS,HALLOWEEN,SEASONS
981010618,FAB35,TAZA MICKEY,OTROS,HALLOWEEN,SEASONS
981010621,FAB35,TAZA URSULA,OTROS,HALLOWEEN,SEASONS
981011131,FAB35,TAZA MICKEY NAVIDAD 3D CON COCOA,OTROS,CHRISTMAS-SETS AND GIFT BASKETS,SEASONS
981013387,FAB35,DULCERO STAR WARS R2-2D CON COCOA,OTROS,CHRISTMAS-JARS,SEASONS
981013388,FAB35,DULCERO STAR WARS .,OTROS,CHRISTMAS-JARS,SEASONS
981004109,FAB35,TERMO LINDOR CON CHOCOLATES 55G,OTROS,MOTHER'S DAY,SEASONS
981017244,FAB35,TAZA DISNEY 3D STICH + COCOA,OTROS,SEASON- SPRING/SUMMER,SEASONS
981017251,FAB35,DISNEY TAZA + POLVO PARA PREPARAR BEBIDA,OTROS,SEASON- SPRING/SUMMER,SEASONS
981017255,FAB35,TAZA CUPCAKE 3D SV DAISY + COCOA,OTROS,VALENTINE'S DAY-SETS AND GUMMIES,SEASONS
981017257,FAB35,TAZA RELIEVE DISNEY + COCOA MODELO 4,OTROS,SEASON- SPRING/SUMMER,SEASONS
981017583,FAB35,TAZA CUPCAKE 3D SV MINNIE + COCOA,OTROS,SEASON- SPRING/SUMMER,SEASONS
980000701,FAB35,TAZA JUMBO CAPUCHINO,OTROS,VALENTINE'S DAY-SETS AND GUMMIES,SEASONS
980015230,FAB35,VITROLERO BOTANA MIX,OTROS,CHRISTMAS-JARS,SEASONS
980017575,FAB35,LONCHERA LOL,OTROS,SEASON- FALL/WINTER,SEASONS
980019338,FAB35,LONCHERA MINIONS,OTROS,SEASON- SPRING/SUMMER,SEASONS
980019339,FAB35,TAZA JUMBO MINIONS,OTROS,SEASON- SPRING/SUMMER,SEASONS
980022297,FAB35,COSTAL,OTROS,CHRISTMAS-JARS,SEASONS
980022298,FAB35,TAZA NAVIDAD CON PELUCHE,OTROS,CHRISTMAS-SETS AND GIFT BASKETS,SEASONS
980022300,FAB35,SET PORTA VELAS,OTROS,CHRISTMAS-SETS AND GIFT BASKETS,SEASONS
980022301,FAB35,TAZA PIES 3D,OTROS,CHRISTMAS-SETS AND GIFT BASKETS,SEASONS
980024299,FAB35,TAZA MICKEY & MINNIE,OTROS,VALENTINE'S DAY-SETS AND GUMMIES,SEASONS
980026686,FAB35,TAZAS HERSHEYS CON CHOCOLATES,OTROS,SEASON- FALL/WINTER,SEASONS
980027575,FAB35,TAZAS & VASOS LICENC CON COCOA,OTROS,SEASON- FALL/WINTER,SEASONS
980030181,FAB35,TAZA DISNEY VILLANAS/JACK,OTROS,HALLOWEEN,SEASONS
980030329,FAB35,TAZA JACK SALLY Y STITCH,OTROS,HALLOWEEN,SEASONS
980030885,FAB35,TAZA PELTRE DISNEY VARIOS DISENOS,OTROS,CHRISTMAS-SETS AND GIFT BASKETS,SEASONS
980030917,FAB35,TAZA SET REGALOS CON CHOCOLATES,OTROS,CHRISTMAS-SETS AND GIFT BASKETS,SEASONS
980031968,FAB35,TAZA JUMBO REALCE DISNEY CON COCOA,OTROS,CHRISTMAS-SETS AND GIFT BASKETS,SEASONS
980034510,FAB35,DULCERO MANDALORIAN CASCO MANDO & GROGU,OTROS,VALENTINE'S DAY-SETS AND GUMMIES,SEASONS
980035098,FAB35,ART CULO IEPS 8% CANASTA 2023 GOURMET,OTROS,CHRISTMAS-SETS AND GIFT BASKETS,SEASONS
980035102,FAB35,ART CULO IVA 16% CANASTA 2023 GOURMET,OTROS,WINE AND LIQUOR GIFTS,SEASONS
980035122,FAB35,ARTICULO VINO CANASTA 2023 GOURMET,OTROS,CHRISTMAS-SETS AND GIFT BASKETS,SEASONS
980035988,FAB35,HERSHEYS TAZA CAPUCH CON CHOCOLATES,OTROS,VALENTINE'S DAY-SETS AND GUMMIES,SEASONS
980036655,FAB35,TAZA 3DMICKEY AMIGOS CON COCOA,OTROS,SEASON- SPRING/SUMMER,SEASONS
980038608,FAB35,TAZA PRINCESAS CON COCOA,OTROS,SEASON- FALL/WINTER,SEASONS
980041516,FAB35,TAZA 3D VILLANAS CON COCOA,OTROS,HALLOWEEN,SEASONS
980042082,FAB35,COMBI METAL CON DULCES,OTROS,CHRISTMAS-JARS,SEASONS
981000404,FAB35,DISNEY TAZA PELTRE J UMBO CON COCOA,OTROS,CHRISTMAS-SETS AND GIFT BASKETS,SEASONS
981000432,FAB35,MM VASO PARA VINO CON PELUCHE,OTROS,CHRISTMAS-SETS AND GIFT BASKETS,SEASONS
981000439,FAB35,CANASTA  DE NAVIDAD,OTROS,CHRISTMAS-SETS AND GIFT BASKETS,SEASONS
981000445,FAB35,CANASTA GRANDE PARA REGALAR,OTROS,CHRISTMAS-SETS AND GIFT BASKETS,SEASONS
981001209,FAB35,DULCERO STAR WARS CON COCOA,OTROS,CHRISTMAS-SETS AND GIFT BASKETS,SEASONS
981010171,FAB35,TAZA HADES,OTROS,HALLOWEEN,SEASONS
981010264,FAB35,TAZA MALEFIC,OTROS,HALLOWEEN,SEASONS
981010616,FAB35,MICKEY CATRI,OTROS,HALLOWEEN,SEASONS
981010620,FAB35,TAZA MALFICA,OTROS,HALLOWEEN,SEASONS
981010623,FAB35,TAZA CRUELLA,OTROS,HALLOWEEN,SEASONS
981011132,FAB35,TAZA MINNIE NAVIDAD 3D CON COCOA,OTROS,CHRISTMAS-SETS AND GIFT BASKETS,SEASONS
981011134,FAB35,TAZA JACK NAVIDAD 3D CON COCOA,OTROS,CHRISTMAS-SETS AND GIFT BASKETS,SEASONS
981011135,FAB35,TAZA DONALD NAVIDAD 3D CON COCOA,OTROS,CHRISTMAS-SETS AND GIFT BASKETS,SEASONS
981011136,FAB35,TAZA STITCH NAVIDAD 3D CON COCOA,OTROS,CHRISTMAS-SETS AND GIFT BASKETS,SEASONS
981012220,FAB35,TAZA TIPO PELTRE MINNIE A CON COCOA,OTROS,CHRISTMAS-SETS AND GIFT BASKETS,SEASONS
981012223,FAB35,TAZA TIPO PELTRE MICKEY R CON COCOA,OTROS,CHRISTMAS-SETS AND GIFT BASKETS,SEASONS
981012224,FAB35,TAZA TIPO PELTRE PLUTO N CON COCOA,OTROS,CHRISTMAS-SETS AND GIFT BASKETS,SEASONS
981012225,FAB35,TAZA TIPO PELTRE DONALD R CON COCOA,OTROS,CHRISTMAS-SETS AND GIFT BASKETS,SEASONS
981012226,FAB35,TAZA TIPO PELTRE D&G N CON COCOA,OTROS,CHRISTMAS-SETS AND GIFT BASKETS,SEASONS
981012227,FAB35,TAZA TIPO PELTRE VERDE M&M CON COCOA,OTROS,CHRISTMAS-SETS AND GIFT BASKETS,SEASONS
981013301,FAB35,CANASTA PREMIUM VERSION 2,OTROS,CHRISTMAS-SETS AND GIFT BASKETS,SEASONS
981013302,FAB35,CANASTA PREMIUM VERSION 1,OTROS,CHRISTMAS-SETS AND GIFT BASKETS,SEASONS
981013312,FAB35,TAZA PUSHEEN CON COCOA DISE O 1,OTROS,CHRISTMAS-SETS AND GIFT BASKETS,SEASONS
981013313,FAB35,TAZA PUSHEEN CON COCOA DISE O 2,OTROS,CHRISTMAS-SETS AND GIFT BASKETS,SEASONS
981013314,FAB35,TAZA PUSHEEN CON COCA DISE O 3,OTROS,CHRISTMAS-SETS AND GIFT BASKETS,SEASONS
981013315,FAB35,TAZA PUSHEEN CON COCOA DISE O 4,OTROS,CHRISTMAS-SETS AND GIFT BASKETS,SEASONS
981013328,FAB35,CANASTA DE OBSEQUIO MEDIANA MODELO 1,OTROS,CHRISTMAS-SETS AND GIFT BASKETS,SEASONS
981013329,FAB35,CANASTA DE OBSEQUIO MEDIANA MODELO 2,OTROS,CHRISTMAS-SETS AND GIFT BASKETS,SEASONS
981013681,FAB35,SIN IMPUESTO CANASTA 2023 GOUR,OTROS,CHRISTMAS-SETS AND GIFT BASKETS,SEASONS
981013682,FAB35,ITEMS IEPS 8%    CAN ASTA,OTROS,CHRISTMAS-SETS AND GIFT BASKETS,SEASONS
981013683,FAB35,ITEM VINO CANASTA LICOR 2023,OTROS,CHRISTMAS-SETS AND GIFT BASKETS,SEASONS
981013684,FAB35,ITEM LICORES .,OTROS,CHRISTMAS-SETS AND GIFT BASKETS,SEASONS
981013685,FAB35,ITEM IVA 16% CANASTA LICOR 2023,OTROS,CHRISTMAS-SETS AND GIFT BASKETS,SEASONS
981017243,FAB35,TAZA DISNEY 3 MICKEY + COCOA,OTROS,SEASON- SPRING/SUMMER,SEASONS
981017245,FAB35,TAZA CUPCAKE 3D SV MICKEY + COCOA,OTROS,VALENTINE'S DAY-SETS AND GUMMIES,SEASONS
981017246,FAB35,TAZA DISNEY 3D MINNIE + COCOA,OTROS,SEASON- SPRING/SUMMER,SEASONS
981017247,FAB35,TAZA DISNEY 3D DONALD + COCOA,OTROS,SEASON- SPRING/SUMMER,SEASONS
981017248,FAB35,TAZA DISNEY 3D WINNIE POOH + COCOA,OTROS,SEASON- SPRING/SUMMER,SEASONS
981017249,FAB35,TAZA DISNEY 3D GATO CHESHIRE + COCO,OTROS,SEASON- SPRING/SUMMER,SEASONS
981017250,FAB35,TAZA DISNEY 3D WAZOWSKI + COCOA,OTROS,SEASON- SPRING/SUMMER,SEASONS
981017252,FAB35,TAZA DISNEY 3D MARIE + COCOA,OTROS,SEASON- SPRING/SUMMER,SEASONS
981017254,FAB35,TAZA CUPCAKE 3D SV DONALD + COCOA,OTROS,VALENTINE'S DAY-SETS AND GUMMIES,SEASONS
981017256,FAB35,TAZA RELIEVE DISNEY + COCOA MODELO 1,OTROS,SEASON- SPRING/SUMMER,SEASONS
981017259,FAB35,TAZA RELIEVE DISNEY + COCOA MODELO 2,OTROS,SEASON- SPRING/SUMMER,SEASONS
981017260,FAB35,TAZA RELIEVE DISNEY + COCOA MODELO 3,OTROS,SEASON- SPRING/SUMMER,SEASONS
981003696,FAB35,HERSHEYS KISSES TAZA CHOCOLATE 50 G,CHOCOLATE,VALENTINE'S DAY-CHOCOLATE,SEASONS
981000953,FAB35,DULCERO KISSES CON CHOCOLATE,OTROS,CHRISTMAS-SETS AND GIFT BASKETS,SEASONS
92696,FAB35,TERMO AVENGERS 25 GRS COCOA,OTROS,SEASON- FALL/WINTER,SEASONS
980030326,FAB35,MM VITROLERO DULCES ALEMANES 966G,OTROS,CHRISTMAS-MARSHMALLOWS AND CANDIES,SEASONS
980030328,FAB35,MM TAZA MEGA JUMBO CON COCOA,OTROS,CHRISTMAS-SETS AND GIFT BASKETS,SEASONS
980030563,FAB35,MM SHAKER CHOCOLATES 320G,CHOCOLATE,CHRISTMAS-CHOCOLATE,SEASONS
980030916,FAB35,MM TORRE DE CAJAS DULCES Y BOTANAS,OTROS,CHRISTMAS-MARSHMALLOWS AND CANDIES,SEASONS
980030918,FAB35,MM SET DE REGALOS TAZAS Y TERMOS,OTROS,CHRISTMAS-SETS AND GIFT BASKETS,SEASONS
980042081,FAB35,MM SET TERMOS CON T,OTROS,CHRISTMAS-JARS,SEASONS
981000429,FAB35,MM TORRE DE CAJAS CON PALOMITAS 135G,OTROS,CHRISTMAS-SETS AND GIFT BASKETS,SEASONS
981000501,FAB35,MM TAZA MEGA JUMBO CON COCOA Y MALVAVI,OTROS,CHRISTMAS-SETS AND GIFT BASKETS,SEASONS
981011063,FAB35,MM SET DE TERMOS CON TE VARIEDAD 1,OTROS,CHRISTMAS-SETS AND GIFT BASKETS,SEASONS
981011064,FAB35,MM SET DE TERMOS CON TE VARIEDAD 2,OTROS,CHRISTMAS-SETS AND GIFT BASKETS,SEASONS
981011065,FAB35,MM SET DE TERMOS CON TE VARIEDAD 3,OTROS,CHRISTMAS-SETS AND GIFT BASKETS,SEASONS
981011148,FAB35,RENO TORRE DE CAJAS CON PALOMITAS 126G,OTROS,CHRISTMAS-SETS AND GIFT BASKETS,SEASONS
981011149,FAB35,GNOMO TORRE DE CAJAS CON PALOMITAS 126G,OTROS,CHRISTMAS-SETS AND GIFT BASKETS,SEASONS
981011150,FAB35,GNOMA TORRE DE CAJAS CON PALOMITAS 126G,OTROS,CHRISTMAS-SETS AND GIFT BASKETS,SEASONS
981011856,FAB35,MM TAZA MEGA JUMBO BLANCA,OTROS,CHRISTMAS-SETS AND GIFT BASKETS,SEASONS
981011857,FAB35,MM TAZA MEGA JUMBO ROJA,OTROS,CHRISTMAS-SETS AND GIFT BASKETS,SEASONS
981011858,FAB35,MM TAZA MEGA JUMBO GRIS,OTROS,CHRISTMAS-SETS AND GIFT BASKETS,SEASONS
981011859,FAB35,MM TAZA MEGA JUMBO NEGRA,OTROS,CHRISTMAS-SETS AND GIFT BASKETS,SEASONS
981012229,FAB35,MM SET NAVIDE O SNOW COCOA + MALVAVISCOS,OTROS,CHRISTMAS-SETS AND GIFT BASKETS,SEASONS
981012231,FAB35,MM SET XMAS PINGUINO COCOA + MALVAVISCOS,OTROS,CHRISTMAS-SETS AND GIFT BASKETS,SEASONS
981012232,FAB35,MM SET XMAS SANTA COCOA + MALVAVISCOS,OTROS,CHRISTMAS-SETS AND GIFT BASKETS,SEASONS
980022302,FAB35,TAZA REALCE DISNEY,OTROS,CHRISTMAS-SETS AND GIFT BASKETS,SEASONS
980028862,FAB35,TAZA REDONDA MINIONS,OTROS,SEASON- SPRING/SUMMER,SEASONS
980012604,FAB35,VASO TOY STORY CON COCOA WOODY,OTROS,SEASON- SPRING/SUMMER,SEASONS
980022659,FAB35,VITROLERO CHOCO MIX,OTROS,CHRISTMAS-JARS,SEASONS
981015174,FAB35,GHIRARDELLI TAZA + CHOCOLATE,OTROS,VALENTINE'S DAY-SETS AND GUMMIES,SEASONS
981015175,FAB35,GHIRARDELLI GALERIA DC PAQUETE TAZA/CHOC,OTROS,VALENTINE'S DAY-SETS AND GUMMIES,SEASONS
981015176,FAB35,GHIRARDELLI TAZA + CHOCOLATES,OTROS,VALENTINE'S DAY-SETS AND GUMMIES,SEASONS
981016143,FAB35,MM TAZA Y PELUCHE PASITAS CUBIERTA,OTROS,VALENTINE'S DAY-SETS AND GUMMIES,SEASONS
981016144,FAB35,TAZA Y PELUCHE CON PASITAS CUBIERTA,OTROS,VALENTINE'S DAY-SETS AND GUMMIES,SEASONS
981019045,FAB35,DISNEY TAZA ALTA BLA,OTROS,"SPRING SUMMER  MUGS, TEA CUPS & BOTTLES",SEASONS
981019046,FAB35,DISNEY TAZA ALTA BEL,OTROS,"SPRING SUMMER  MUGS, TEA CUPS & BOTTLES",SEASONS
981019049,FAB35,DISNEY TAZA ALTA,OTROS,"SPRING SUMMER  MUGS, TEA CUPS & BOTTLES",SEASONS
981019054,FAB35,DISNEY TAZA MEGA ALT,OTROS,"SPRING SUMMER  MUGS, TEA CUPS & BOTTLES",SEASONS
981024380,FAB35,TAZA VILLANAS JACK,OTROS,HALLOWEEN,SEASONS
981024594,FAB35,TAZA VILLANAS YZMA,OTROS,HALLOWEEN,SEASONS
981024595,FAB35,TAZA VILLANAS,OTROS,HALLOWEEN,SEASONS
981024799,FAB35,TAZA VILLANAS SCAR,OTROS,HALLOWEEN,SEASONS
981024800,FAB35,TAZA VILLANAS URSULA,OTROS,HALLOWEEN,SEASONS
981024802,FAB35,2PZ TUMBLERS VERANO,OTROS,"SPRING SUMMER  MUGS, TEA CUPS & BOTTLES",SEASONS
981024832,FAB35,2 PZ TUMBLERS VERANO,OTROS,"SPRING SUMMER  MUGS, TEA CUPS & BOTTLES",SEASONS
981025849,FAB35,DULCERO MIKE WAZOWSK,OTROS,HALLOWEEN,SEASONS
981026033,FAB35,MM 2PACK SET VASOS,OTROS,WINE AND LIQUOR GIFTS,SEASONS
981026398,FAB35,TAZA VILLANAS 3D,OTROS,HALLOWEEN,SEASONS
981026446,FAB35,2PZ TUBO CHOCOLATE,CHOCOLATE,CHRISTMAS-CHOCOLATE,SEASONS
981026584,FAB35,MM TAZA MEGA CAPUCC,OTROS,WINE AND LIQUOR GIFTS,SEASONS
981026762,FAB35,MM TAZA MEGA CAPPUC,OTROS,WINE AND LIQUOR GIFTS,SEASONS
981028314,FAB35,TAZA PUSHEEN 3D CAFÉ,OTROS,VALENTINE'S DAY-SETS AND GUMMIES,SEASONS
981028344,FAB35,TAZA MINNIE Y DAISY,OTROS,"CHRISTMAS  MUGS, TEA CUPS & BOTTLES",SEASONS
981028345,FAB35,TAZA STITCH,OTROS,"CHRISTMAS  MUGS, TEA CUPS & BOTTLES",SEASONS
981028346,FAB35,TAZA MIKE Y SULLIVAN,OTROS,"CHRISTMAS  MUGS, TEA CUPS & BOTTLES",SEASONS
981028347,FAB35,TAZA CHIP Y DALE,OTROS,"CHRISTMAS  MUGS, TEA CUPS & BOTTLES",SEASONS
981028348,FAB35,TAZA MARCIANITOS,OTROS,"CHRISTMAS  MUGS, TEA CUPS & BOTTLES",SEASONS
981028349,FAB35,TAZA MICKEY AMIGOS,OTROS,"CHRISTMAS  MUGS, TEA CUPS & BOTTLES",SEASONS
981028366,FAB35,STAR WARS GALER A DC,OTROS,CHRISTMAS-MARSHMALLOWS AND CANDIES JARS,SEASONS
981028745,FAB35,MEZCLA BOTANAS 359G,OTROS,CHRISTMAS-SNACK BOWLS,SEASONS
981028800,FAB35,CALENDARIO ADVIENTO1,CHOCOLATE,CHRISTMAS-CHOCOLATE,SEASONS
981028801,FAB35,CALENDARIO ADVIENTO2,CHOCOLATE,CHRISTMAS-CHOCOLATE,SEASONS
981028821,FAB35,TAZA MICKEY ASA 3D,OTROS,"SPRING SUMMER  MUGS, TEA CUPS & BOTTLES",SEASONS
981028822,FAB35,TAZA MINNIE ASA 3D,OTROS,"SPRING SUMMER  MUGS, TEA CUPS & BOTTLES",SEASONS
981028823,FAB35,TAZA DONALD ASA 3D,OTROS,"SPRING SUMMER  MUGS, TEA CUPS & BOTTLES",SEASONS
981028825,FAB35,TAZA GOOFY ASA 3D,OTROS,"SPRING SUMMER  MUGS, TEA CUPS & BOTTLES",SEASONS
981028826,FAB35,TAZA PUSHEEN LILA,OTROS,"SPRING SUMMER  MUGS, TEA CUPS & BOTTLES",SEASONS
981028827,FAB35,TAZA PUSHEEN VERDE,OTROS,"SPRING SUMMER  MUGS, TEA CUPS & BOTTLES",SEASONS
981028828,FAB35,TAZA PUSHEEN ROJA,OTROS,"SPRING SUMMER  MUGS, TEA CUPS & BOTTLES",SEASONS
981028829,FAB35,TAZA PUSHEEN AZUL,OTROS,"SPRING SUMMER  MUGS, TEA CUPS & BOTTLES",SEASONS
981028830,FAB35,TAZA PUSHEEN ROSA,OTROS,"SPRING SUMMER  MUGS, TEA CUPS & BOTTLES",SEASONS
981028886,FAB35,CANASTA GOURMET,OTROS,WINE AND LIQUOR GIFTS,SEASONS
981030366,FAB35,TAZA PUSHEEN 3D ROSA,OTROS,VALENTINE'S DAY-SETS AND GUMMIES,SEASONS
981000439,FAB35,MM SET TERMOS CON TE,OTROS,CHRISTMAS-JARS,SEASONS
981000439,FAB35,CANASTA METALICA,OTROS,CHRISTMAS-SETS AND GIFT BASKETS,SEASONS
981000439,FAB35,CANASTA OBSEQUIOS MEDIANA,OTROS,CHRISTMAS-SETS AND GIFT BASKETS,SEASONS
981013302,FAB35,CANASTA PREMIUM,OTROS,CHRISTMAS-SETS AND GIFT BASKETS,SEASONS
981000445,FAB35,CANASTA PREMIUM CON REGALOS,OTROS,CHRISTMAS-SETS AND GIFT BASKETS,SEASONS
981000953,FAB35,DULCERO KISSES CON CHOCOLATES,OTROS,CHRISTMAS-SETS AND GIFT BASKETS,SEASONS
981000954,FAB35,TAZA MICKEY ASA 3D CON COCOA,OTROS,CHRISTMAS-SETS AND GIFT BASKETS,SEASONS
981008556,FAB36,MIX CHOCKO OBLEAS CON GRANOLA  516 GR,CANDY,MEXICAN CANDIES,REGULAR
189470,FAB37,HUEVO CHOCOLATE SORPRESA 12PZAS,CHOCOLATE,CHOCOLATE,REGULAR
647300,FAB38,FRUIT ROLL-UPS 48,CANDY,CHEWY CARAMEL,REGULAR
157689,FAB39,MANZANA DESHIDRATADA,OTROS,SEASON- FALL/WINTER,SEASONS
127902,FAB40,ACAI BLUEBERRY DARK CHOCOLATE 907G,CHOCOLATE,CHOCOLATE- COVERED,REGULAR
72761,FAB40,COOKIES'N'CREME 8 BARRAS,CHOCOLATE,CHOCOLATE,REGULAR
727620,FAB40,CHOCOLATE ALMONDS 8 BARRAS,CHOCOLATE,PREMIUM CHOCOLATE,REGULAR
980011719,FAB40,18/20GR CHOCOLATE COOKIES & CREME,CHOCOLATE,CHOCOLATE,REGULAR
980011720,FAB40,18/20GR CHOCOLATE CON LECHE,CHOCOLATE,CHOCOLATE,REGULAR
980015342,FAB40,SNACK MIX 12PACK/40GR,CANDY,NOVELTIES,REGULAR
980024998,FAB40,MINIATURAS POUCH 850 GR,CHOCOLATE,CHOCOLATE,REGULAR
980025233,FAB40,MIX BARRAS HERSHEYS,CHOCOLATE,CHOCOLATE,REGULAR
980036712,FAB40,BARRAS FRESA C/CREMA 18 PZAS 20 GRS,CHOCOLATE,CHOCOLATE,REGULAR
980037501,FAB40,CHOCOLATE ZERO SUGAR 21 PZAS / 357 GRS,CHOCOLATE,HEALTHY / SUGAR FREE CANDIES,REGULAR
981000300,FAB40,COFFEE CREATIONS NUGGETS 500 GRS,CHOCOLATE,CHOCOLATE,REGULAR
981031176,FAB40,SV 8PZ BUNDLE PACK,CHOCOLATE,VALENTINE'S DAY-CHOCOLATE,SEASONS
168644,FAB40,JOLLY RANCHER 930 GR XXL BAG,CANDY,CHEWY CARAMEL,REGULAR
186667,FAB40,CRAYON JOLLY RANCHER 18 PIEZAS,CANDY,REGIONAL,REGULAR
18863,FAB40,20PZ JOLLY-RANCHER PASTILLAS DE SABORES,CANDY,REGIONAL,REGULAR
980015206,FAB40,LUXURY EDITION KISSE,CHOCOLATE,CHOCOLATE,SEASONS
980015208,FAB40,MINI OBSEQUIOS KISSE,CHOCOLATE,CHRISTMAS-CHOCOLATE,SEASONS
980024750,FAB40,KISSES ALMENDRA 800 GRAMOS,CHOCOLATE,CHOCOLATE,REGULAR
980024937,FAB40,KISSES MINI OBSEQUIOS 20 REGALITOS,OTROS,VALENTINE'S DAY-SETS AND GUMMIES,SEASONS
980031067,FAB40,ESTUCHE KISSES SURTIDO 226.8G,CHOCOLATE,CHRISTMAS-CHOCOLATE,SEASONS
980036711,FAB40,KISSES UNICORNIO 403.1 GRAMOS,CHOCOLATE,CHOCOLATE,REGULAR
980041227,FAB40,KISSES MONSTERS CHOCOLATE 399G,CHOCOLATE,HALLOWEEN,SEASONS
980042084,FAB40,KISSES SECRET JUMBO 167 GR,CHOCOLATE,CHRISTMAS-CHOCOLATE,SEASONS
981012053,FAB40,KISSES COOKIES&CREME,CHOCOLATE,CHRISTMAS-CHOCOLATE,SEASONS
981019154,FAB40,KISSES CHOCOLATE 1KG,CHOCOLATE,CHOCOLATE,REGULAR
981007105,FAB40,PELON PELO RICO PAQU ETE DULCE ENCHILADO,SPICY,SPICY,REGULAR
163993,FAB40,36/15GR MINIPELON PELO RICO,SPICY,SPICY,REGULAR
21715,FAB40,20/30GR PELON PELO RICO,SPICY,SPICY,REGULAR
190034,FAB40,PELONETA HOT INTENSO 25 PIEZAS,SPICY,SPICY,REGULAR
790822,FAB40,28PZ PELONETA PELON PELO RICO,SPICY,SPICY,REGULAR
197961,FAB40,18PZ PELONETES PELON PELO RICO,SPICY,SPICY,REGULAR
980016157,FAB40,PELON FIESTA .,CANDY,ASSORTED BAGS,REGULAR
981015790,FAB40,KISSES CHOCOLATE CON LECHE 501.6 G,CHOCOLATE,VALENTINE'S DAY-CHOCOLATE,SEASONS
981024695,FAB40,KISSES BUNDLE PACK 2,CHOCOLATE,CHRISTMAS-CHOCOLATE,SEASONS
981025052,FAB40,1KG KISSES MONSTER CHOCOLATE,CHOCOLATE,HALLOWEEN,SEASONS
981026227,FAB40,CHOCOLATE REESES,CHOCOLATE,CHOCOLATE,REGULAR
981027359,FAB40,60PZ PALETA CHUPELON,SPICY,SPICY,REGULAR
981030540,FAB40,HERSHEYS COFFEE CREA,CHOCOLATE,PREMIUM CHOCOLATE,REGULAR
980015970,FAB41,MANGO ENCHILADO DE $159 A,SPICY,SEASON- FALL/WINTER,SEASONS
980015969,FAB41,ARANDANO ENCHILADO DE $150 A,OTROS,SEASON- FALL/WINTER,SEASONS
897535,FAB42,RG 3PK INDY DEDOS C/12PZ,CANDY,REGIONAL,REGULAR
981014568,FAB43,23 PZAS PACCARI MINI BARRAS DE CHOCO,CHOCOLATE,PREMIUM CHOCOLATE,REGULAR
113836,FAB44,WINIS CARAMELO SUAVE,CANDY,CHEWY CARAMEL,REGULAR
980021379,FAB44,WINIS CASA DE TERROR,CANDY,HALLOWEEN,SEASONS
980030457,FAB44,WINIS PALETA CATRINA,CANDY,HALLOWEEN,SEASONS
980032165,FAB44,WINIS ACIDUP 200 PIEZAS / 600GR,CANDY,CHEWY CARAMEL,REGULAR
980036065,FAB44,WINIS MAXITUBITO DUOPACK 32 PZ,CANDY,CHEWY CARAMEL,REGULAR
981008583,FAB44,WINIS 3 PACK,CANDY,CHEWY CARAMEL,REGULAR
981011861,FAB44,WINIS SQUAD,CANDY,ASSORTED BAGS,REGULAR
981008583,FAB44,WINIS DUOPACK 2/20 PZAS,CANDY,CHEWY CARAMEL,REGULAR
980005382,FAB45,MM PASTILLAS 1.3K MENTA Y HIERBABUENA,CANDY,THANK YOU CANDIES/MINTS,REGULAR
981014500,FAB46,BOLITAS DE NUEZ,GALLETAS,CHRISTMAS-COOKIES,SEASONS
980037502,FAB47,GOMITA C/ CHOCOLATE 500G,CANDY,MALLOWS/GUMMIES,REGULAR
980015843,FAB48,GHIRARDELLI CHRISTMA,CHOCOLATE,CHRISTMAS-CHOCOLATE,SEASONS
152745,FAB48,TRUFAS SURTIDAS BOLSA 240 GRAMOS,CHOCOLATE,PREMIUM CHOCOLATE,REGULAR
980032074,FAB48,LINDOR BOTE LECHERO BOTE LECHERO 264,CHOCOLATE,CHRISTMAS-CHOCOLATE,SEASONS
980037513,FAB48,CHOCOLATES EXCELLENC 3 PZAS/ 100 GRS,CHOCOLATE,PREMIUM CHOCOLATE,REGULAR
981001773,FAB49,SURTIDO DE GALLETAS SELECCIONES 660G,CHOCOLATE,VALENTINE'S DAY-CHOCOLATE,SEASONS
981012587,FAB49,SURTIDO DE GALLETAS 2 PACK CON 630 GR,OTROS,CHRISTMAS-COOKIES,SEASONS
2053,FAB50,OBLEAS DE CAJETA LAS SEVILLANAS 25/50G,CANDY,MEXICAN CANDIES,REGULAR
78831,FAB50,GLORIAS CON NUEZ 30/20GR,CANDY,MEXICAN CANDIES,REGULAR
981005558,FAB51,MILKA 4PK SELECTO CHOCOLATE 392 GRS,CHOCOLATE,CHOCOLATE,REGULAR
981013508,FAB51,JOLLY RANCHER GOMITAS FRUTAS 368 G,CANDY,MALLOWS/GUMMIES,REGULAR
981023813,FAB51,SWEETARTS PAQUETE CA,CANDY,CHEWY CARAMEL,REGULAR
981023815,FAB51,SCHOGETTEN PAQUETE,CHOCOLATE,CHOCOLATE,REGULAR
114283,FAB52,BUBBALOO MENTA 70 PIEZAS,GUM&PILLS,GUM,REGULAR
980023399,FAB52,BUBBALOO FRESA70 PIEZA / 357GR,GUM&PILLS,GUM,REGULAR
980033703,FAB52,BUBBALOO VITROLERO 200 PZAS MIX SABBOR,GUM&PILLS,GUM,REGULAR
115904,FAB52,CHICLETS 2S  /  100 SURTIDO DB,GUM&PILLS,GUM,REGULAR
981012555,FAB52,CHICLETS PAQUETE GOM A DE MASCAR SURTIDOS,GUM&PILLS,GUM,REGULAR
191586,FAB52,CLORETS 2S  /  60 MENTA,GUM&PILLS,GUM,REGULAR
980008297,FAB52,60/2S CLORETS FRESH CLORETS FRESHMINT,GUM&PILLS,GUM,REGULAR
980014697,FAB52,CLORETS PLUS 4S 40 X 5.2G,GUM&PILLS,GUM,REGULAR
980014699,FAB52,CLORETS PLUS 18S EVUP  12 X 30.6G,GUM&PILLS,GUM,REGULAR
711578,FAB52,PICAFRESA 2/100 PZAS,SPICY,SPICY,REGULAR
981008414,FAB52,DUVALIN TRISABOR 65 PIEZAS,CHOCOLATE,CHOCOLATE,REGULAR
720894,FAB52,HALLS /18 MIEL MIEL 18/9 PZAS,GUM&PILLS,PILLS,REGULAR
720908,FAB52,HALLS /18 MENTA MENTA 18/9 PZAS,GUM&PILLS,PILLS,REGULAR
720922,FAB52,HALLS /18 YERBABUENA 18/9 PIEZAS,GUM&PILLS,PILLS,REGULAR
720936,FAB52,HALLS MIX 2/18/9 PZA LIMON/CERE/MORA/FRES,GUM&PILLS,PILLS,REGULAR
829091,FAB52,HALLS COLORS 18PZ SABORES FRUTALES,GUM&PILLS,PILLS,REGULAR
980001846,FAB52,HALLS EXTRA STRONG 18PZ,GUM&PILLS,PILLS,REGULAR
980008296,FAB52,18/9PZ HALLS SILVER HALLS SILVERMINT,GUM&PILLS,PILLS,REGULAR
980015332,FAB52,HALLS BOOST 18PZAS,GUM&PILLS,PILLS,REGULAR
980015333,FAB52,HALLS EXPERTS 18PZAS MENTALADAS,GUM&PILLS,PILLS,REGULAR
980024736,FAB52,HALLS MIX 18 PIEZAS,GUM&PILLS,PILLS,REGULAR
981009709,FAB52,HALLS EXTRA STRONG 18 PIEZAS,GUM&PILLS,PILLS,REGULAR
980005631,FAB52,30/15 GR PANDITAS PINA LIMON FRESA,CANDY,MALLOWS/GUMMIES,REGULAR
980012759,FAB52,SOUR PATCH DE $49 A,CANDY,CHEWY CARAMEL,REGULAR
980015334,FAB52,CHOCOLATE  OREO DE $98 A,CANDY,NOVELTIES,REGULAR
70570,FAB52,BUBULUBU MINI 25/20 GRAMOS,CHOCOLATE,CHOCOLATE- COVERED,REGULAR
897521,FAB52,MINI PALETA PAYASO 15/25GR,CHOCOLATE,CHOCOLATE- COVERED,REGULAR
980011870,FAB52,30/15GR KRANKY HOJUELAS CON CHOCOLA,CHOCOLATE,CHOCOLATE- COVERED,REGULAR
980022677,FAB52,PALETA PAYASO18 PIEZAS,CHOCOLATE,CHOCOLATE- COVERED,REGULAR
980030180,FAB52,BUBULUBU 36PZ/25 G,CHOCOLATE,CHOCOLATE- COVERED,REGULAR
981008733,FAB52,BOLSA RICOFIESTA 1.35 KILOS,CANDY,ASSORTED BAGS,REGULAR
981014481,FAB52,RICOLINO SURTIDO REVENTON 1.8 KG,CANDY,ASSORTED BAGS,REGULAR
134539,FAB52,TRIDENT WHITE 4S /40 4/40 MORA AZUL,GUM&PILLS,GUM,REGULAR
148311,FAB52,TRIDENT WHITE 4S /40 4 S FRESA SALVAJE,GUM&PILLS,GUM,REGULAR
178919,FAB52,TRIDENT WHITE 4S /40 MENTA,GUM&PILLS,GUM,REGULAR
178926,FAB52,TRIDENT WHITE 4S /40 YERBABUENA,GUM&PILLS,GUM,REGULAR
440422,FAB52,TRIDENT TWIST FRESA LIMON,GUM&PILLS,GUM,REGULAR
69773,FAB52,TRIDENT VAL U PAK 18 FRESHMINT  1/12PZ,GUM&PILLS,GUM,REGULAR
76596,FAB52,TRIDENT VAL U PAK 18 YERBABUENA 1/12PZ,GUM&PILLS,GUM,REGULAR
902351,FAB52,TRIDENT 5S/18PZ MENTA,GUM&PILLS,GUM,REGULAR
902358,FAB52,TRIDENT 5S/18PZ YERBABUENA,GUM&PILLS,GUM,REGULAR
980024131,FAB52,TRIDENT VALUPAK 18S EXTRA STRONG 12 PZAS,GUM&PILLS,GUM,REGULAR
980024132,FAB52,TRIDENT WHITE EXTRASTRONG 4S/40 PZ,GUM&PILLS,GUM,REGULAR
980036767,FAB52,VITROLERO 4S TRIDENT CLORETS 120,GUM&PILLS,GUM,REGULAR
981001263,FAB52,TRIDENT XTRACARE MENTA SIN AZ CAR 163,GUM&PILLS,GUM,REGULAR
981001268,FAB52,TRIDENT XTRACARE YERBABUENA SIN AZ CA,GUM&PILLS,GUM,REGULAR
981001270,FAB52,TRIDENT XTRACARE FRESHMINT 12 PZAS,GUM&PILLS,GUM,REGULAR
981009069,FAB52,TRIDENT PAQUETE DE G OMA DE MASCAR SIN AZ,GUM&PILLS,GUM,REGULAR
980032203,FAB52,VERO MIX DULCE 65 PZAS/ 930 GRS,CANDY,PALETTES,REGULAR
980032208,FAB52,VERO MIX FUEGO 65 PZAS/ 940 GRS,SPICY,PALETTES,REGULAR
981028364,FAB52,RICOLINO SURTIDO DE,CANDY,ASSORTED BAGS,REGULAR
150462,FAB53,VAINILLA CARAMEL CARAMELO SUAVE 1.3KG,CANDY,CHEWY CARAMEL,REGULAR
811290,FAB53,BOLSA SURTIDO CARAM TOMY Y DAMY,CANDY,CHEWY CARAMEL,REGULAR
811297,FAB53,BOLSA SURTIDO CHICLOSOS,CANDY,CHEWY CARAMEL,REGULAR
929527,FAB53,DAMY CARAMELO DE $117 A,CANDY,CHEWY CARAMEL,REGULAR
98253,FAB53,ANDINETAS BOLSA 1 KG,CHOCOLATE,CHOCOLATE,REGULAR
151015,FAB54,CARLOS V SNACK MINI DE $8 A,CHOCOLATE,CHOCOLATE,REGULAR
97928,FAB54,CARLOS V CHOCOLATE 27/18GR,CHOCOLATE,CHOCOLATE,REGULAR
980012755,FAB54,CARLOS V STICK 55 PZAS / 8GR,CHOCOLATE,CHOCOLATE,REGULAR
980014565,FAB54,CARLOS V SUGAR FREE 35 PZ DE 8GR,CHOCOLATE,HEALTHY / SUGAR FREE CANDIES,REGULAR
980030665,FAB54,LATA CARLOS V 40 PZ,CHOCOLATE,CHRISTMAS-CHOCOLATE,SEASONS
981000400,FAB54,CARLOS V LATA MOMENT 40 PIEZAS,CHOCOLATE,CHRISTMAS-CHOCOLATE,SEASONS
980004469,FAB54,16/40GR CRUNCH CHOCOLATE,CHOCOLATE,CHOCOLATE,REGULAR
980036020,FAB54,CRUNCH MINI 20 PIEZAS/ 400 GRS,CHOCOLATE,CHOCOLATE,REGULAR
980010498,FAB54,KIT KAT XMAS VARIOS SABORES 18PZS,CHOCOLATE,CHRISTMAS-CHOCOLATE,SEASONS
981001022,FAB54,LATA KIT KAT 373.5 G,CHOCOLATE,CHRISTMAS-CHOCOLATE,SEASONS
981012471,FAB54,KIT KAT NAVIDAD 12 PIEZAS,CHOCOLATE,CHRISTMAS-CHOCOLATE,SEASONS
980004911,FAB54,802 GR NESTL› MINIS CHOCOLATE,CANDY,NOVELTIES,REGULAR
980017590,FAB54,SNAX MIX DE $106 A,CANDY,NOVELTIES,REGULAR
980015873,FAB54,VILLA DE LOS DESEOS,CHOCOLATE,CHRISTMAS-CHOCOLATE,SEASONS
981023615,FAB54,16PZ CARLOS V NOSTALGIA CHOCOLATE,CHOCOLATE,CHOCOLATE,REGULAR
981024815,FAB54,CHOCOLATE KIT KAT,CHOCOLATE,CHOCOLATE,REGULAR
981026862,FAB54,12PZ LARIN ESFERAS,CHOCOLATE,CHRISTMAS-CHOCOLATE,SEASONS
981026034,FAB55,DONT WORRY MERENGUES,CHOCOLATE,HEALTHY / SUGAR FREE CANDIES,REGULAR
981004637,FAB56,MM ARANDANO DESHIDRATADO 1.02KG,OTROS,DRY FRUIT,SEASONS
263248,FAB57,110P/1.65K DIABLITOS PULPA TAMARINDO,SPICY,SPICY,REGULAR
663975,FAB58,RG 1.5KG GOMA MANGO CHAMOY,CANDY,REGIONAL,REGULAR
980021909,FAB59,NAVIDAD GALLETAS DEC,OTROS,CHRISTMAS-COOKIES,SEASONS
980001778,FAB59,7PZ GALLETAS CALAVER ORIGINAL 109 A,OTROS,HALLOWEEN,SEASONS
980013906,FAB60,GOMITAS MANCHA-T 15 PZAS 50GR,SPICY,SPICY,REGULAR
980015151,FAB60,ROCKALETA FLAMIN HOT,SPICY,HALLOWEEN,SEASONS
63000,FAB60,ROCKALETA ORIGINAL BOLSA C/40 PALETAS,SPICY,PALETTES,REGULAR
980008326,FAB60,20/30GR ROCKABITES ORIGINAL $99 A,SPICY,SPICY,REGULAR
980017513,FAB60,BOLSA CHOCOPINATA DE $99 A,CANDY,ASSORTED BAGS,REGULAR
980040046,FAB60,DALE DALE ENCHIDALE 1.24 KG,CANDY,ASSORTED BAGS,REGULAR
981005567,FAB60,1.3K DALE DALE DULCES SURTIDOS,CANDY,ASSORTED BAGS,REGULAR
981026610,FAB60,SONRIC´S DIVIÉRTETE,CANDY,ASSORTED BAGS,REGULAR
130760,FAB61,PALETA MINI MEGA DE $28 A,CANDY,PALETTES,REGULAR
139119,FAB61,VITROLERO ICECREAM Y PALETA CREMOSA 96PZA,CANDY,PALETTES,REGULAR
769584,FAB61,CHUPA CHUPS NUCITA,CANDY,PALETTES,REGULAR
980024677,FAB61,PALETA MINI CHUPS210 PIEZAS,CANDY,PALETTES,REGULAR
981012977,FAB61,CHUPA CHUPS CREMOSA 96 PZAS,CANDY,PALETTES,REGULAR
980037957,FAB61,PALETAS CRAZY DIPS FRESA UVA 20 PZA/12G,CANDY,PALETTES,REGULAR
980030167,FAB61,BOLSA MENTOS MENTA   420 PIEZAS,CANDY,THANK YOU CANDIES/MINTS,REGULAR
980042075,FAB62,EST TRUFAS AL LICOR 300 G,CHOCOLATE,CHRISTMAS-CHOCOLATE,SEASONS
980011165,FAB63,CAJA DE BROWNIES ORIGINAL $119 A,OTROS,VALENTINE'S DAY-COOKIES,SEASONS
118323,FAB64,ARANDA FRESA ENCHILA ARANDA PINA 800 GR,OTROS,DRY FRUIT,SEASONS
980005949,FAB64,1KG BOTANERO FRUTA SECA ENCHILADA,OTROS,SEASON- SPRING/SUMMER,SEASONS
980008703,FAB64,FRUBOTANAS,OTROS,DRY FRUIT,SEASONS
980008704,FAB64,ARANDA PINA 800 GR,OTROS,DRY FRUIT,SEASONS
913720,FAB65,RG  MANGO ENCHILADOBOLSA 1KG,SPICY,REGIONAL,REGULAR
127170,FAB66,RG 60/25G SAN PABLO PALANQUETA,CANDY,REGIONAL,REGULAR
73843,FAB66,RG 60PZ SAN PABLO OBLEAS,CANDY,REGIONAL,REGULAR
980006351,FAB66,RG 25/20GR LINARES GLORIAS,CANDY,REGIONAL,REGULAR
980003017,FAB67,CHOCOLATE 200G CHOC DENTRO D TAZA,OTROS,VALENTINE'S DAY-SETS AND GUMMIES,SEASONS
980003018,FAB67,IVA CHOCOLATE 200G ART 980003017,CHOCOLATE,CHRISTMAS-CHOCOLATE,SEASONS
980010903,FAB67,CAJA DE CHOCOLATES ORIGINAL $119 A,CHOCOLATE,VALENTINE'S DAY-CHOCOLATE,SEASONS
857434,FAB67,300GR CHOCOLATE ORIGINAL DE $109,CHOCOLATE,CHRISTMAS-CHOCOLATE,SEASONS
980006689,FAB67,VASO 2PK PAW PATROL ORIGINAL $159 A,OTROS,SEASON- SPRING/SUMMER,SEASONS
980032133,FAB68,CHOCOLATE C/PROBIOTI 80% CACAO / 360GR,CHOCOLATE,HEALTHY / SUGAR FREE CANDIES,REGULAR
980032209,FAB68,QUINOA C/ CHOCOLATE 72% CACAO / 500 GRS,CHOCOLATE,HEALTHY / SUGAR FREE CANDIES,REGULAR
980015203,FAB69,TEST NUEVE,SPICY,SPICY,REGULAR
33166,FAB70,RICALETA 50PZAS PALETA DE TAMARINDO,CANDY,PALETTES,REGULAR
980015152,FAB71,BOTANA MIXTA HALLOWE,OTROS,HALLOWEEN,SEASONS
980015168,FAB71,GOMILOCAS  HALLOWEEN,CANDY,HALLOWEEN,SEASONS
659914,FAB71,PALETON CORONA CON CHOCOLATE,CHOCOLATE,CHOCOLATE- COVERED,REGULAR
73899,FAB71,CANASTA ROMPOPE DE $69 A,CHOCOLATE,CHOCOLATE,REGULAR
64200,FAB71,CHUPADEDO ROJO 2 BOLSAS,CANDY,PALETTES,REGULAR
711564,FAB71,RELLERINDO 2/65 PZAS,SPICY,REGIONAL,REGULAR
980003853,FAB71,80/16 GR PALETAS PALETA ELOTE,CANDY,PALETTES,REGULAR
257363,FAB71,20PZ JUICYFRUIT GOMA DE MASCAR FRUTAS,GUM&PILLS,GUM,REGULAR
980025606,FAB71,PAYAFIESTA1.8 KG,CANDY,ASSORTED BAGS,REGULAR
980010907,FAB71,BOLSA PANDITAS CURSI,OTROS,VALENTINE'S DAY-SETS AND GUMMIES,SEASONS
980021128,FAB71,CHUTAZO 2PACK,CANDY,NOVELTIES,REGULAR
980032207,FAB71,RICOFIESTA REVENMIX 1.4 KGS,CANDY,ASSORTED BAGS,REGULAR
980021894,FAB71,HALLOWEEN BOLSA SURT,CANDY,HALLOWEEN,SEASONS
203652,FAB71,PALETA CUPIDO 2/40PZ .,CANDY,PALETTES,REGULAR
705711,FAB71,MIX PICOSITO 1.28KG PALETA MIX,CANDY,PALETTES,REGULAR
73864,FAB71,PALETA BOMBA CON CHILE 2/40PZ,CANDY,PALETTES,REGULAR
980003854,FAB71,80/16 GR PALETAS MANITA,CANDY,PALETTES,REGULAR
980003855,FAB71,80/14 GR PALETAS SANDIBROCHA,CANDY,PALETTES,REGULAR
980003856,FAB71,80/16 GR PALETAS TARRITO,CANDY,PALETTES,REGULAR
711557,FAB71,MANITA VERO 2/40PZ,CANDY,PALETTES,REGULAR
980019412,FAB72,BOTANERO ENCHILADO,SPICY,SEASON- SPRING/SUMMER,SEASONS
980041619,FAB72,MM PASITAS C/CHOCOLA 1.4K,CHOCOLATE,CHOCOLATE- COVERED,REGULAR
981001237,FAB72,MM BOTANERO GOURMET FRUTA SECA 1.05KG,OTROS,CHRISTMAS-SNACK BOWLS,SEASONS
981013990,FAB72,MM 1.3KG ALMENDRAS,CHOCOLATE,CHOCOLATE- COVERED,REGULAR
981016141,FAB72,MM GOMITAS SABORES FRUTALES,CANDY,MALLOWS/GUMMIES,REGULAR
980032494,FAB72,VITROLERO CHOCOMIX 850G,CHOCOLATE,VALENTINE'S DAY-CHOCOLATE,SEASONS
980015310,FAB72,ALMENDRA CHOCOMATCHA,OTROS,SEASON- FALL/WINTER,SEASONS
981022806,FAB72,FRUTAS ENCHILADAS,OTROS,DRY FRUIT,SEASONS
981001237,FAB72,MM SURTIDO DE FRUTAS DESHIDRATADAS 1KG,OTROS,CHRISTMAS-SNACK BOWLS,SEASONS
981024279,FAB73,PIRAMIDE CHOCOLATE,CHOCOLATE,CHRISTMAS-CHOCOLATE,SEASONS
981023311,FAB74,567G OSITOS GOMITA CON TAJIN,CANDY,MALLOWS/GUMMIES,REGULAR
143603,FAB75,GALLETA DE JENGIBRE,OTROS,CHRISTMAS-COOKIES,SEASONS
981010864,FAB76,CALAVERITA N,OTROS,HALLOWEEN,SEASONS
981020924,FAB76,70PZ PALETAS PUERQUITO NEON,CANDY,PALETTES,REGULAR
981014587,FAB76,COOL TOONS PALETA DE CARAMELO MACIZO COR,CHOCOLATE,VALENTINE'S DAY-CHOCOLATE,SEASONS
981023165,FAB76,PALETA CARAMELO CALAVERITAS NEON,CANDY,HALLOWEEN,SEASONS
981030594,FAB76,PALETA CORAZON NEON,OTROS,VALENTINE'S DAY-SETS AND GUMMIES,SEASONS
981002215,FAB77,MM BANDERILLA TAMARI 50 PZAS/40 GRS,SPICY,SPICY,REGULAR
78745,FAB78,PALETAS LUXUS MIX,CANDY,PALETTES,REGULAR
981008771,FAB78,TAMBORINES 200 PZAS,SPICY,SPICY,REGULAR
980015232,FAB78,CARAMELO ESPONJADO,CHOCOLATE,CHOCOLATE,REGULAR
981015509,FAB79,590G FRUTOS BOSQUE,OTROS,DRY FRUIT,SEASONS
981021883,FAB79,590G MIX TROPICAL,OTROS,DRY FRUIT,SEASONS
981030002,FAB80,WINIS PAQUETE CARAME,CANDY,CHEWY CARAMEL,REGULAR
220249,FAB81,20 P PUSH POP,CANDY,CHEWY CARAMEL,REGULAR
194875,FAB81,RING POP SABORES BOLSA 15 PIEZAS,CANDY,CHEWY CARAMEL,REGULAR
343171,FAB82,CREMINO 50PZ CREMINO 50PZ,CHOCOLATE,CHOCOLATE,REGULAR
981000513,FAB82,MONEDAS DE CHOCOLATE 120/709GRS,CHOCOLATE,CHOCOLATE,REGULAR
343185,FAB82,NUCITA 54PZ NUCITA 54PZ,CHOCOLATE,CHOCOLATE,REGULAR
980032172,FAB82,BALONES DE CHOCOLATE 200 PIEZAS / 900GR,CHOCOLATE,CHOCOLATE,REGULAR
980036414,FAB82,CHOCOLATE MUIBON 46 PZAS/ 966 GRS,CHOCOLATE,CHOCOLATE,REGULAR
981030568,FAB82,NUCITA CREMINO MUIBO,CANDY,ASSORTED BAGS,REGULAR
981030569,FAB82,NUCITA PAQUETE DULCE,CHOCOLATE,CHOCOLATE,REGULAR
139865,FAB83,MINI POP VITROLERO DE $69 A,CANDY,PALETTES,REGULAR
150823,FAB83,TUTSIBOTA NAVIDENA 3/275GR,CANDY,PALETTES,REGULAR
234225,FAB83,TUTSI CHUPA POP 80 PIEZAS,CANDY,PALETTES,REGULAR
980042070,FAB83,TUTSI SUSTOS 1300GR,CANDY,HALLOWEEN,SEASONS
206598,FAB84,RG 24 PZ CHOCOLATE DE $289 A,CANDY,REGIONAL,REGULAR
980017762,FAB84,BABYRUTH CHOCOLATE 24PZAS,CHOCOLATE,CHOCOLATE,REGULAR
980017763,FAB84,BUTTERFINGER CHOCOLATE 36PZAS,CHOCOLATE,CHOCOLATE,REGULAR
206591,FAB84,RG 24 PZ CHOCOLATE DE $269 A,CANDY,REGIONAL,REGULAR
711536,FAB85,REBANADA CON CHILE DE $139 A,CANDY,PALETTES,REGULAR
981022861,FAB86,300G ESTUCHE TRUFAS,CHOCOLATE,CHRISTMAS-CHOCOLATE,SEASONS
980020994,FAB87,CHOCOZERO,CHOCOLATE,HEALTHY / SUGAR FREE CANDIES,REGULAR
980019170,FAB87,ESTUCHE D CHOCOLATES,OTROS,MOTHER'S DAY,SEASONS
980021895,FAB87,ESTUCHE DE TRUFAS,CHOCOLATE,VALENTINE'S DAY-CHOCOLATE,SEASONS
980011033,FAB87,MM 800G CEREZAS AL LICOR,CHOCOLATE,CHOCOLATE- COVERED,REGULAR
182152,FAB87,FONDANT DE MENTA .,CHOCOLATE,CHOCOLATE- COVERED,REGULAR
69660,FAB87,ENJAMBRES CHOCOLATE DE $49 A,CHOCOLATE,CHOCOLATE- COVERED,REGULAR
749696,FAB87,BOMBON CUBIERTO C/CHOCOLATE 800G,CHOCOLATE,CHOCOLATE- COVERED,REGULAR
980007116,FAB87,360GR CHOCO SNOOPY ORIGINAL 179 A,CHOCOLATE,CHOCOLATE,SEASONS
981009067,FAB87,ESTUCHE DE TRUFAS SELECTO 300G,CHOCOLATE,CHRISTMAS-CHOCOLATE,SEASONS
